﻿<?xml version="1.0" encoding="utf-8"?>
<Geometry>
  <ExteriorWalls>
    <Wall>
      <Start>
        <x>0</x>
        <y>0</y>
      </Start>
      <End>
        <x>0</x>
        <y>40</y>
      </End>
    </Wall>
    <Wall>
      <Start>
        <x>0</x>
        <y>40</y>
      </Start>
      <End>
        <x>120</x>
        <y>40</y>
      </End>
    </Wall>
    <Wall>
      <Start>
        <x>120</x>
        <y>40</y>
      </Start>
      <End>
        <x>120</x>
        <y>0</y>
      </End>
    </Wall>
    <Wall>
      <Start>
        <x>120</x>
        <y>0</y>
      </Start>
      <End>
        <x>0</x>
        <y>0</y>
      </End>
    </Wall>
  </ExteriorWalls>
  <InteriorWalls>
  </InteriorWalls>
  <Obstacles>
  </Obstacles>
</Geometry>